repeat,fold,model,stage,search_strategy,threshold,best_inner_score,best_params,mcc,balanced_accuracy,f1,recall,specificity,precision,tn,fp,fn,tp,roc_auc,pr_auc
1,1,lr_elasticnet,default_repeated_cv,none,0.5,,{},0.7130912633061056,0.8553511705685619,0.8444444444444444,0.8260869565217391,0.8846153846153846,0.8636363636363636,23,3,4,19,0.9230769230769231,0.921255824805808
1,1,gnb,default_repeated_cv,none,0.5,,{},0.5060364359351283,0.7115384615384616,0.7540983606557377,1.0,0.4230769230769231,0.6052631578947368,11,15,0,23,0.9331103678929766,0.9306614677926867
1,1,lda,default_repeated_cv,none,0.5,,{},0.6722408026755853,0.8361204013377926,0.8260869565217391,0.8260869565217391,0.8461538461538461,0.8260869565217391,22,4,4,19,0.9230769230769231,0.9244588915759329
1,1,rf,default_repeated_cv,none,0.5,,{},0.7145252027247703,0.8578595317725752,0.851063829787234,0.8695652173913043,0.8461538461538461,0.8333333333333334,22,4,3,20,0.9322742474916388,0.9261753783008764
1,1,lightgbm,default_repeated_cv,none,0.5,,{},0.5903010033444817,0.7951505016722409,0.782608695652174,0.782608695652174,0.8076923076923077,0.782608695652174,21,5,5,18,0.8595317725752508,0.86860514362204
1,1,xgboost,default_repeated_cv,none,0.5,,{},0.5903010033444817,0.7951505016722409,0.782608695652174,0.782608695652174,0.8076923076923077,0.782608695652174,21,5,5,18,0.8846153846153846,0.8997310093318482
1,1,catboost,default_repeated_cv,none,0.5,,{},0.6387959866220736,0.8193979933110368,0.8163265306122449,0.8695652173913043,0.7692307692307693,0.7692307692307693,20,6,3,20,0.923076923076923,0.924077915736477
1,2,lr_elasticnet,default_repeated_cv,none,0.5,,{},0.7358286826886946,0.8409090909090908,0.8108108108108109,0.6818181818181818,1.0,1.0,27,0,7,15,0.9292929292929294,0.9399849181825926
1,2,gnb,default_repeated_cv,none,0.5,,{},0.38152440534867665,0.6868686868686869,0.6923076923076923,0.8181818181818182,0.5555555555555556,0.6,15,12,4,18,0.8232323232323233,0.7488052135005414
1,2,lda,default_repeated_cv,none,0.5,,{},0.7212588986562797,0.8451178451178452,0.8205128205128205,0.7272727272727273,0.9629629629629629,0.9411764705882353,26,1,6,16,0.9175084175084176,0.9258116329650238
1,2,rf,default_repeated_cv,none,0.5,,{},0.6838936797839589,0.8223905723905723,0.7894736842105263,0.6818181818181818,0.9629629629629629,0.9375,26,1,7,15,0.8737373737373737,0.8934944471061071
1,2,lightgbm,default_repeated_cv,none,0.5,,{},0.5488604301969738,0.7626262626262625,0.717948717948718,0.6363636363636364,0.8888888888888888,0.8235294117647058,24,3,8,14,0.8417508417508418,0.8588597000825261
1,2,xgboost,default_repeated_cv,none,0.5,,{},0.5860723375660168,0.7895622895622896,0.7619047619047619,0.7272727272727273,0.8518518518518519,0.8,23,4,6,16,0.8535353535353535,0.8694171174084232
1,2,catboost,default_repeated_cv,none,0.5,,{},0.6350596644266268,0.8038720538720538,0.7692307692307693,0.6818181818181818,0.9259259259259259,0.8823529411764706,25,2,7,15,0.8619528619528619,0.8794672497424951
1,3,lr_elasticnet,default_repeated_cv,none,0.5,,{},0.708939636514663,0.8479020979020979,0.8292682926829268,0.7727272727272727,0.9230769230769231,0.8947368421052632,24,2,5,17,0.8933566433566433,0.8848623085759241
1,3,gnb,default_repeated_cv,none,0.5,,{},0.708939636514663,0.8479020979020979,0.8292682926829268,0.7727272727272727,0.9230769230769231,0.8947368421052632,24,2,5,17,0.8933566433566433,0.8840435269676689
1,3,lda,default_repeated_cv,none,0.5,,{},0.6693419514856722,0.8251748251748252,0.8,0.7272727272727273,0.9230769230769231,0.8888888888888888,24,2,6,16,0.8776223776223777,0.8807616353312924
1,3,rf,default_repeated_cv,none,0.5,,{},0.5829752480681661,0.7832167832167831,0.75,0.6818181818181818,0.8846153846153846,0.8333333333333334,23,3,7,15,0.8688811188811189,0.8816387388347136
1,3,lightgbm,default_repeated_cv,none,0.5,,{},0.6216038822203304,0.8094405594405594,0.7906976744186046,0.7727272727272727,0.8461538461538461,0.8095238095238095,22,4,5,17,0.8409090909090909,0.8574837542488726
1,3,xgboost,default_repeated_cv,none,0.5,,{},0.4181210050035454,0.7097902097902098,0.6956521739130435,0.7272727272727273,0.6923076923076923,0.6666666666666666,18,8,6,16,0.8444055944055944,0.8749587109578666
1,3,catboost,default_repeated_cv,none,0.5,,{},0.5379391211744428,0.763986013986014,0.7317073170731707,0.6818181818181818,0.8461538461538461,0.7894736842105263,22,4,7,15,0.8583916083916084,0.8693216302816618
1,4,lr_elasticnet,default_repeated_cv,none,0.5,,{},0.6242392755610096,0.8129370629370629,0.8,0.8181818181818182,0.8076923076923077,0.782608695652174,21,5,4,18,0.9073426573426573,0.8893283980420135
1,4,gnb,default_repeated_cv,none,0.5,,{},0.4345240946267408,0.6888111888111889,0.7241379310344828,0.9545454545454546,0.4230769230769231,0.5833333333333334,11,15,1,21,0.8618881118881119,0.8226209057382424
1,4,lda,default_repeated_cv,none,0.5,,{},0.6643356643356644,0.8321678321678322,0.8181818181818182,0.8181818181818182,0.8461538461538461,0.8181818181818182,22,4,4,18,0.8846153846153846,0.8628687616692756
1,4,rf,default_repeated_cv,none,0.5,,{},0.5804195804195804,0.7902097902097902,0.7727272727272727,0.7727272727272727,0.8076923076923077,0.7727272727272727,21,5,5,17,0.8898601398601399,0.8475951956006067
1,4,lightgbm,default_repeated_cv,none,0.5,,{},0.5853694070049635,0.7937062937062938,0.782608695652174,0.8181818181818182,0.7692307692307693,0.75,20,6,4,18,0.8968531468531469,0.8730858168070444
1,4,xgboost,default_repeated_cv,none,0.5,,{},0.5104895104895105,0.7552447552447552,0.75,0.8181818181818182,0.6923076923076923,0.6923076923076923,18,8,4,18,0.8951048951048951,0.8779554315861662
1,4,catboost,default_repeated_cv,none,0.5,,{},0.5475171299613324,0.7744755244755245,0.7659574468085106,0.8181818181818182,0.7307692307692307,0.72,19,7,4,18,0.8916083916083917,0.8705494928246809
1,5,lr_elasticnet,default_repeated_cv,none,0.5,,{},0.6643482831758064,0.8286713286713286,0.8095238095238095,0.7727272727272727,0.8846153846153846,0.85,23,3,5,17,0.8916083916083916,0.8802672408266143
1,5,gnb,default_repeated_cv,none,0.5,,{},0.47304991679126607,0.7237762237762237,0.7407407407407407,0.9090909090909091,0.5384615384615384,0.625,14,12,2,20,0.8374125874125874,0.794135662990783
1,5,lda,default_repeated_cv,none,0.5,,{},0.7058891543857989,0.8513986013986015,0.8372093023255814,0.8181818181818182,0.8846153846153846,0.8571428571428571,23,3,4,18,0.8828671328671329,0.8669770692978065
1,5,rf,default_repeated_cv,none,0.5,,{},0.6643356643356644,0.8321678321678322,0.8181818181818182,0.8181818181818182,0.8461538461538461,0.8181818181818182,22,4,4,18,0.8662587412587412,0.8704703618832769
1,5,lightgbm,default_repeated_cv,none,0.5,,{},0.36693860583422255,0.6800699300699301,0.6341463414634146,0.5909090909090909,0.7692307692307693,0.6842105263157895,20,6,9,13,0.8216783216783217,0.8024417403237479
1,5,xgboost,default_repeated_cv,none,0.5,,{},0.5379391211744428,0.763986013986014,0.7317073170731707,0.6818181818181818,0.8461538461538461,0.7894736842105263,22,4,7,15,0.8339160839160839,0.8171669968068442
1,5,catboost,default_repeated_cv,none,0.5,,{},0.6216038822203304,0.8094405594405594,0.7906976744186046,0.7727272727272727,0.8461538461538461,0.8095238095238095,22,4,5,17,0.868881118881119,0.856784157774518
2,1,lr_elasticnet,default_repeated_cv,none,0.5,,{},0.8381410922535469,0.9155518394648829,0.9090909090909091,0.8695652173913043,0.9615384615384616,0.9523809523809523,25,1,3,20,0.9297658862876254,0.9481407656666776
2,1,gnb,default_repeated_cv,none,0.5,,{},0.5677055366699036,0.7667224080267558,0.7857142857142857,0.9565217391304348,0.5769230769230769,0.6666666666666666,15,11,1,22,0.9113712374581939,0.9157618200473967
2,1,lda,default_repeated_cv,none,0.5,,{},0.8381410922535469,0.9155518394648829,0.9090909090909091,0.8695652173913043,0.9615384615384616,0.9523809523809523,25,1,3,20,0.9297658862876254,0.9457645187252132
2,1,rf,default_repeated_cv,none,0.5,,{},0.7953064913108095,0.8963210702341138,0.8888888888888888,0.8695652173913043,0.9230769230769231,0.9090909090909091,24,2,3,20,0.9372909698996655,0.9422215323185201
2,1,lightgbm,default_repeated_cv,none,0.5,,{},0.6333506827204834,0.8118729096989966,0.7906976744186046,0.7391304347826086,0.8846153846153846,0.85,23,3,6,17,0.919732441471572,0.9196437141508808
2,1,xgboost,default_repeated_cv,none,0.5,,{},0.754180602006689,0.8770903010033444,0.8695652173913043,0.8695652173913043,0.8846153846153846,0.8695652173913043,23,3,3,20,0.9080267558528428,0.9161223724419141
2,1,catboost,default_repeated_cv,none,0.5,,{},0.7963283217283071,0.8988294314381271,0.8936170212765957,0.9130434782608695,0.8846153846153846,0.875,23,3,2,21,0.9280936454849499,0.935925320018624
2,2,lr_elasticnet,default_repeated_cv,none,0.5,,{},0.5050505050505051,0.7525252525252526,0.7272727272727273,0.7272727272727273,0.7777777777777778,0.7272727272727273,21,6,6,16,0.8956228956228957,0.894434101171633
2,2,gnb,default_repeated_cv,none,0.5,,{},0.5105379255198104,0.7365319865319866,0.75,0.9545454545454546,0.5185185185185185,0.6176470588235294,14,13,1,21,0.8737373737373737,0.8272169538237192
2,2,lda,default_repeated_cv,none,0.5,,{},0.5448462751310045,0.771043771043771,0.7441860465116279,0.7272727272727273,0.8148148148148148,0.7619047619047619,22,5,6,16,0.8973063973063973,0.8928773751931156
2,2,rf,default_repeated_cv,none,0.5,,{},0.5875420875420876,0.7937710437710437,0.7727272727272727,0.7727272727272727,0.8148148148148148,0.7727272727272727,22,5,5,17,0.8905723905723906,0.8858492212981375
2,2,lightgbm,default_repeated_cv,none,0.5,,{},0.5888292511776803,0.7853535353535352,0.75,0.6818181818181818,0.8888888888888888,0.8333333333333334,24,3,7,15,0.8686868686868688,0.8600739867052032
2,2,xgboost,default_repeated_cv,none,0.5,,{},0.5448462751310045,0.771043771043771,0.7441860465116279,0.7272727272727273,0.8148148148148148,0.7619047619047619,22,5,6,16,0.82996632996633,0.8444802058618955
2,2,catboost,default_repeated_cv,none,0.5,,{},0.5486608072966978,0.7752525252525253,0.7555555555555555,0.7727272727272727,0.7777777777777778,0.7391304347826086,21,6,5,17,0.8872053872053872,0.8904970944651471
2,3,lr_elasticnet,default_repeated_cv,none,0.5,,{},0.6234393788445528,0.8059440559440559,0.7804878048780488,0.7272727272727273,0.8846153846153846,0.8421052631578947,23,3,6,16,0.8618881118881119,0.8540402458970843
2,3,gnb,default_repeated_cv,none,0.5,,{},0.5829752480681661,0.7832167832167831,0.75,0.6818181818181818,0.8846153846153846,0.8333333333333334,23,3,7,15,0.8479020979020979,0.8513450228226662
2,3,lda,default_repeated_cv,none,0.5,,{},0.6234393788445528,0.8059440559440559,0.7804878048780488,0.7272727272727273,0.8846153846153846,0.8421052631578947,23,3,6,16,0.8374125874125875,0.8350216452729332
2,3,rf,default_repeated_cv,none,0.5,,{},0.49660854465066,0.7412587412587412,0.7,0.6363636363636364,0.8461538461538461,0.7777777777777778,22,4,8,14,0.8688811188811189,0.8577670033765848
2,3,lightgbm,default_repeated_cv,none,0.5,,{},0.4947274449181537,0.7447552447552448,0.7142857142857143,0.6818181818181818,0.8076923076923077,0.75,21,5,7,15,0.8094405594405595,0.7651994982621916
2,3,xgboost,default_repeated_cv,none,0.5,,{},0.4530333378893933,0.7255244755244755,0.6976744186046512,0.6818181818181818,0.7692307692307693,0.7142857142857143,20,6,7,15,0.8496503496503496,0.8156647063428588
2,3,catboost,default_repeated_cv,none,0.5,,{},0.49660854465066,0.7412587412587412,0.7,0.6363636363636364,0.8461538461538461,0.7777777777777778,22,4,8,14,0.8513986013986015,0.8420016111045046
2,4,lr_elasticnet,default_repeated_cv,none,0.5,,{},0.7901744265512675,0.8933566433566433,0.8837209302325582,0.8636363636363636,0.9230769230769231,0.9047619047619048,24,2,3,19,0.9545454545454546,0.9517194186784861
2,4,gnb,default_repeated_cv,none,0.5,,{},0.5310850045437944,0.7307692307692308,0.7586206896551724,1.0,0.46153846153846156,0.6111111111111112,12,14,0,22,0.9423076923076923,0.919590421551365
2,4,lda,default_repeated_cv,none,0.5,,{},0.7058891543857989,0.8513986013986015,0.8372093023255814,0.8181818181818182,0.8846153846153846,0.8571428571428571,23,3,4,18,0.9597902097902098,0.9579459821258252
2,4,rf,default_repeated_cv,none,0.5,,{},0.57953786404698,0.7867132867132867,0.7619047619047619,0.7272727272727273,0.8461538461538461,0.8,22,4,6,16,0.9265734265734266,0.9260927568915536
2,4,lightgbm,default_repeated_cv,none,0.5,,{},0.7058891543857989,0.8513986013986015,0.8372093023255814,0.8181818181818182,0.8846153846153846,0.8571428571428571,23,3,4,18,0.8688811188811189,0.873743933969481
2,4,xgboost,default_repeated_cv,none,0.5,,{},0.5804195804195804,0.7902097902097902,0.7727272727272727,0.7727272727272727,0.8076923076923077,0.7727272727272727,21,5,5,17,0.8776223776223776,0.8751538981803595
2,4,catboost,default_repeated_cv,none,0.5,,{},0.6643356643356644,0.8321678321678322,0.8181818181818182,0.8181818181818182,0.8461538461538461,0.8181818181818182,22,4,4,18,0.9143356643356644,0.9206951620361062
2,5,lr_elasticnet,default_repeated_cv,none,0.5,,{},0.41024184123315394,0.6993006993006994,0.65,0.5909090909090909,0.8076923076923077,0.7222222222222222,21,5,9,13,0.8111888111888111,0.7672404400089822
2,5,gnb,default_repeated_cv,none,0.5,,{},0.25934535414107224,0.6206293706293706,0.6545454545454545,0.8181818181818182,0.4230769230769231,0.5454545454545454,11,15,4,18,0.791958041958042,0.7792303270891787
2,5,lda,default_repeated_cv,none,0.5,,{},0.4530333378893933,0.7255244755244755,0.6976744186046512,0.6818181818181818,0.7692307692307693,0.7142857142857143,20,6,7,15,0.8146853146853146,0.7988731841934773
2,5,rf,default_repeated_cv,none,0.5,,{},0.40991702578932737,0.7027972027972028,0.6666666666666666,0.6363636363636364,0.7692307692307693,0.7,20,6,8,14,0.8199300699300699,0.829210447093222
2,5,lightgbm,default_repeated_cv,none,0.5,,{},0.3687480657239248,0.6835664335664335,0.6511627906976745,0.6363636363636364,0.7307692307692307,0.6666666666666666,19,7,8,14,0.7832167832167832,0.8046961496670384
2,5,xgboost,default_repeated_cv,none,0.5,,{},0.4125874125874126,0.7062937062937062,0.6818181818181818,0.6818181818181818,0.7307692307692307,0.6818181818181818,19,7,7,15,0.7674825174825175,0.7890957999660153
2,5,catboost,default_repeated_cv,none,0.5,,{},0.3687480657239248,0.6835664335664335,0.6511627906976745,0.6363636363636364,0.7307692307692307,0.6666666666666666,19,7,8,14,0.763986013986014,0.7687214314172564
3,1,lr_elasticnet,default_repeated_cv,none,0.5,,{},0.6405219728047404,0.8093645484949833,0.7804878048780488,0.6956521739130435,0.9230769230769231,0.8888888888888888,24,2,7,16,0.9096989966555183,0.9170229534553991
3,1,gnb,default_repeated_cv,none,0.5,,{},0.5996199366794819,0.7859531772575251,0.8,0.9565217391304348,0.6153846153846154,0.6875,16,10,1,22,0.9030100334448161,0.8849720401242552
3,1,lda,default_repeated_cv,none,0.5,,{},0.6031264860167888,0.7876254180602007,0.75,0.6521739130434783,0.9230769230769231,0.8823529411764706,24,2,8,15,0.8913043478260869,0.9041284822531348
3,1,rf,default_repeated_cv,none,0.5,,{},0.5104206594028771,0.7491638795986622,0.7142857142857143,0.6521739130434783,0.8461538461538461,0.7894736842105263,22,4,8,15,0.8913043478260869,0.8910311602440538
3,1,lightgbm,default_repeated_cv,none,0.5,,{},0.5501491185025111,0.7709030100334449,0.7441860465116279,0.6956521739130435,0.8461538461538461,0.8,22,4,7,16,0.8394648829431438,0.8573772267367614
3,1,xgboost,default_repeated_cv,none,0.5,,{},0.5509189647176967,0.7759197324414716,0.7659574468085106,0.782608695652174,0.7692307692307693,0.75,20,6,5,18,0.8645484949832776,0.8819571822263974
3,1,catboost,default_repeated_cv,none,0.5,,{},0.6405219728047404,0.8093645484949833,0.7804878048780488,0.6956521739130435,0.9230769230769231,0.8888888888888888,24,2,7,16,0.8846153846153847,0.8956924315619967
3,2,lr_elasticnet,default_repeated_cv,none,0.5,,{},0.7106690545187014,0.8535353535353536,0.8372093023255814,0.8181818181818182,0.8888888888888888,0.8571428571428571,24,3,4,18,0.8872053872053872,0.8611929817749455
3,2,gnb,default_repeated_cv,none,0.5,,{},0.48553038055886144,0.7323232323232323,0.7407407407407407,0.9090909090909091,0.5555555555555556,0.625,15,12,2,20,0.8838383838383839,0.8751228654685703
3,2,lda,default_repeated_cv,none,0.5,,{},0.67003367003367,0.835016835016835,0.8181818181818182,0.8181818181818182,0.8518518518518519,0.8181818181818182,23,4,4,18,0.8855218855218856,0.8666580864517339
3,2,rf,default_repeated_cv,none,0.5,,{},0.5875420875420876,0.7937710437710437,0.7727272727272727,0.7727272727272727,0.8148148148148148,0.7727272727272727,22,5,5,17,0.9031986531986531,0.9033251784335374
3,2,lightgbm,default_repeated_cv,none,0.5,,{},0.6381990126895997,0.8207070707070707,0.8085106382978723,0.8636363636363636,0.7777777777777778,0.76,21,6,3,19,0.8922558922558923,0.8830456414592491
3,2,xgboost,default_repeated_cv,none,0.5,,{},0.6023523847691574,0.8021885521885521,0.7916666666666666,0.8636363636363636,0.7407407407407407,0.7307692307692307,20,7,3,19,0.9074074074074076,0.9169731707293804
3,2,catboost,default_repeated_cv,none,0.5,,{},0.67003367003367,0.835016835016835,0.8181818181818182,0.8181818181818182,0.8518518518518519,0.8181818181818182,23,4,4,18,0.9006734006734007,0.8964013235302439
3,3,lr_elasticnet,default_repeated_cv,none,0.5,,{},0.7986077882875486,0.9003496503496504,0.8936170212765957,0.9545454545454546,0.8461538461538461,0.84,22,4,1,21,0.9597902097902098,0.9507295641737612
3,3,gnb,default_repeated_cv,none,0.5,,{},0.4418894343490791,0.6730769230769231,0.7213114754098361,1.0,0.34615384615384615,0.5641025641025641,9,17,0,22,0.9213286713286712,0.8914127577801165
3,3,lda,default_repeated_cv,none,0.5,,{},0.7269604724271661,0.8618881118881119,0.8571428571428571,0.9545454545454546,0.7692307692307693,0.7777777777777778,20,6,1,21,0.9545454545454546,0.9415954785148618
3,3,rf,default_repeated_cv,none,0.5,,{},0.7149109021788099,0.8583916083916083,0.851063829787234,0.9090909090909091,0.8076923076923077,0.8,21,5,2,20,0.937062937062937,0.9291621257530348
3,3,lightgbm,default_repeated_cv,none,0.5,,{},0.6078080037565888,0.8006993006993006,0.8,0.9090909090909091,0.6923076923076923,0.7142857142857143,18,8,2,20,0.8968531468531469,0.899012343303697
3,3,xgboost,default_repeated_cv,none,0.5,,{},0.6426752002616976,0.8199300699300699,0.8163265306122449,0.9090909090909091,0.7307692307692307,0.7407407407407407,19,7,2,20,0.8986013986013986,0.9039063207352942
3,3,catboost,default_repeated_cv,none,0.5,,{},0.6926184228854152,0.8426573426573427,0.84,0.9545454545454546,0.7307692307692307,0.75,19,7,1,21,0.9632867132867133,0.9648133664581033
3,4,lr_elasticnet,default_repeated_cv,none,0.5,,{},0.5026155365907202,0.7377622377622377,0.6842105263157895,0.5909090909090909,0.8846153846153846,0.8125,23,3,9,13,0.8933566433566434,0.878414320059069
3,4,gnb,default_repeated_cv,none,0.5,,{},0.47304991679126607,0.7237762237762237,0.7407407407407407,0.9090909090909091,0.5384615384615384,0.625,14,12,2,20,0.8566433566433567,0.8519453001122692
3,4,lda,default_repeated_cv,none,0.5,,{},0.5913123959890826,0.7797202797202798,0.7368421052631579,0.6363636363636364,0.9230769230769231,0.875,24,2,8,14,0.8986013986013986,0.8858602979820102
3,4,rf,default_repeated_cv,none,0.5,,{},0.5525183631701104,0.7569930069930071,0.7027027027027027,0.5909090909090909,0.9230769230769231,0.8666666666666667,24,2,9,13,0.8566433566433567,0.8369359739697882
3,4,lightgbm,default_repeated_cv,none,0.5,,{},0.5026155365907202,0.7377622377622377,0.6842105263157895,0.5909090909090909,0.8846153846153846,0.8125,23,3,9,13,0.8409090909090909,0.8415682303299858
3,4,xgboost,default_repeated_cv,none,0.5,,{},0.5829752480681661,0.7832167832167831,0.75,0.6818181818181818,0.8846153846153846,0.8333333333333334,23,3,7,15,0.8636363636363636,0.84242195857342
3,4,catboost,default_repeated_cv,none,0.5,,{},0.6427254428713529,0.798951048951049,0.7567567567567568,0.6363636363636364,0.9615384615384616,0.9333333333333333,25,1,8,14,0.8653846153846154,0.8442763292402115
3,5,lr_elasticnet,default_repeated_cv,none,0.5,,{},0.5804195804195804,0.7902097902097902,0.7727272727272727,0.7727272727272727,0.8076923076923077,0.7727272727272727,21,5,5,17,0.8916083916083917,0.8912928552886303
3,5,gnb,default_repeated_cv,none,0.5,,{},0.6689936080056726,0.8356643356643356,0.8260869565217391,0.8636363636363636,0.8076923076923077,0.7916666666666666,21,5,3,19,0.8548951048951049,0.8461017297247244
3,5,lda,default_repeated_cv,none,0.5,,{},0.57953786404698,0.7867132867132867,0.7619047619047619,0.7272727272727273,0.8461538461538461,0.8,22,4,6,16,0.8723776223776224,0.8873627509516959
3,5,rf,default_repeated_cv,none,0.5,,{},0.5379391211744428,0.763986013986014,0.7317073170731707,0.6818181818181818,0.8461538461538461,0.7894736842105263,22,4,7,15,0.8487762237762237,0.8484810143065489
3,5,lightgbm,default_repeated_cv,none,0.5,,{},0.6216038822203304,0.8094405594405594,0.7906976744186046,0.7727272727272727,0.8461538461538461,0.8095238095238095,22,4,5,17,0.8793706293706293,0.8607529239257992
3,5,xgboost,default_repeated_cv,none,0.5,,{},0.5405423894522708,0.770979020979021,0.7555555555555555,0.7727272727272727,0.7692307692307693,0.7391304347826086,20,6,5,17,0.8653846153846154,0.8545156997945134
3,5,catboost,default_repeated_cv,none,0.5,,{},0.4965034965034965,0.7482517482517483,0.7272727272727273,0.7272727272727273,0.7692307692307693,0.7272727272727273,20,6,6,16,0.8513986013986015,0.8522554452507446
4,1,lr_elasticnet,default_repeated_cv,none,0.5,,{},0.7130912633061056,0.8553511705685619,0.8444444444444444,0.8260869565217391,0.8846153846153846,0.8636363636363636,23,3,4,19,0.9147157190635452,0.9347598522167486
4,1,gnb,default_repeated_cv,none,0.5,,{},0.4805031188115172,0.725752508361204,0.75,0.9130434782608695,0.5384615384615384,0.6363636363636364,14,12,2,21,0.8946488294314381,0.9052387297353411
4,1,lda,default_repeated_cv,none,0.5,,{},0.755507463439817,0.8745819397993311,0.8636363636363636,0.8260869565217391,0.9230769230769231,0.9047619047619048,24,2,4,19,0.9147157190635451,0.9363240091626661
4,1,rf,default_repeated_cv,none,0.5,,{},0.7130912633061056,0.8553511705685619,0.8444444444444444,0.8260869565217391,0.8846153846153846,0.8636363636363636,23,3,4,19,0.9255852842809364,0.9364855395386085
4,1,lightgbm,default_repeated_cv,none,0.5,,{},0.6327220837212335,0.8168896321070234,0.8085106382978723,0.8260869565217391,0.8076923076923077,0.7916666666666666,21,5,4,19,0.8929765886287626,0.8991934684726157
4,1,xgboost,default_repeated_cv,none,0.5,,{},0.5943247013318183,0.7976588628762542,0.7916666666666666,0.8260869565217391,0.7692307692307693,0.76,20,6,4,19,0.9046822742474916,0.9146291061160426
4,1,catboost,default_repeated_cv,none,0.5,,{},0.6722408026755853,0.8361204013377926,0.8260869565217391,0.8260869565217391,0.8461538461538461,0.8260869565217391,22,4,4,19,0.903010033444816,0.9284290338066081
4,2,lr_elasticnet,default_repeated_cv,none,0.5,,{},0.7525252525252525,0.8762626262626263,0.8636363636363636,0.8636363636363636,0.8888888888888888,0.8636363636363636,24,3,3,19,0.9276094276094277,0.9156450518557064
4,2,gnb,default_repeated_cv,none,0.5,,{},0.4800743488996058,0.718013468013468,0.7368421052631579,0.9545454545454546,0.48148148148148145,0.6,13,14,1,21,0.8872053872053872,0.8770975349774951
4,2,lda,default_repeated_cv,none,0.5,,{},0.7106690545187014,0.8535353535353536,0.8372093023255814,0.8181818181818182,0.8888888888888888,0.8571428571428571,24,3,4,18,0.9057239057239058,0.8881090116515017
4,2,rf,default_repeated_cv,none,0.5,,{},0.6695535716960599,0.8308080808080808,0.8095238095238095,0.7727272727272727,0.8888888888888888,0.85,24,3,5,17,0.8552188552188553,0.7940279636631311
4,2,lightgbm,default_repeated_cv,none,0.5,,{},0.6308760353014017,0.8164983164983165,0.8,0.8181818181818182,0.8148148148148148,0.782608695652174,22,5,4,18,0.8636363636363635,0.8211066681730428
4,2,xgboost,default_repeated_cv,none,0.5,,{},0.4740428361972617,0.7382154882154882,0.723404255319149,0.7727272727272727,0.7037037037037037,0.68,19,8,5,17,0.8804713804713804,0.8882940924718999
4,2,catboost,default_repeated_cv,none,0.5,,{},0.5875420875420876,0.7937710437710437,0.7727272727272727,0.7727272727272727,0.8148148148148148,0.7727272727272727,22,5,5,17,0.882154882154882,0.8296082111664014
4,3,lr_elasticnet,default_repeated_cv,none,0.5,,{},0.5913123959890826,0.7797202797202798,0.7368421052631579,0.6363636363636364,0.9230769230769231,0.875,24,2,8,14,0.8863636363636364,0.856246221529989
4,3,gnb,default_repeated_cv,none,0.5,,{},0.3344968040028363,0.6678321678321678,0.6521739130434783,0.6818181818181818,0.6538461538461539,0.625,17,9,7,15,0.7045454545454546,0.6696123433605289
4,3,lda,default_repeated_cv,none,0.5,,{},0.5913123959890826,0.7797202797202798,0.7368421052631579,0.6363636363636364,0.9230769230769231,0.875,24,2,8,14,0.8566433566433567,0.835528805325456
4,3,rf,default_repeated_cv,none,0.5,,{},0.5026155365907202,0.7377622377622377,0.6842105263157895,0.5909090909090909,0.8846153846153846,0.8125,23,3,9,13,0.8645104895104895,0.8283268929798553
4,3,lightgbm,default_repeated_cv,none,0.5,,{},0.49660854465066,0.7412587412587412,0.7,0.6363636363636364,0.8461538461538461,0.7777777777777778,22,4,8,14,0.8356643356643356,0.8055786968075151
4,3,xgboost,default_repeated_cv,none,0.5,,{},0.5829752480681661,0.7832167832167831,0.75,0.6818181818181818,0.8846153846153846,0.8333333333333334,23,3,7,15,0.8426573426573427,0.8340151471350798
4,3,catboost,default_repeated_cv,none,0.5,,{},0.5829752480681661,0.7832167832167831,0.75,0.6818181818181818,0.8846153846153846,0.8333333333333334,23,3,7,15,0.8706293706293706,0.8477988215050667
4,4,lr_elasticnet,default_repeated_cv,none,0.5,,{},0.8339691214334591,0.9125874125874126,0.9047619047619048,0.8636363636363636,0.9615384615384616,0.95,25,1,3,19,0.9493006993006993,0.9430889808532248
4,4,gnb,default_repeated_cv,none,0.5,,{},0.5902679811685199,0.7692307692307692,0.7857142857142857,1.0,0.5384615384615384,0.6470588235294118,14,12,0,22,0.9195804195804196,0.9118118409218936
4,4,lda,default_repeated_cv,none,0.5,,{},0.7491587023046328,0.8706293706293706,0.8571428571428571,0.8181818181818182,0.9230769230769231,0.9,24,2,4,18,0.9423076923076923,0.950205261167828
4,4,rf,default_repeated_cv,none,0.5,,{},0.7058891543857989,0.8513986013986015,0.8372093023255814,0.8181818181818182,0.8846153846153846,0.8571428571428571,23,3,4,18,0.9195804195804196,0.9150782435391969
4,4,lightgbm,default_repeated_cv,none,0.5,,{},0.6242392755610096,0.8129370629370629,0.8,0.8181818181818182,0.8076923076923077,0.782608695652174,21,5,4,18,0.8863636363636365,0.8805059401661327
4,4,xgboost,default_repeated_cv,none,0.5,,{},0.7079361616697484,0.8548951048951049,0.8444444444444444,0.8636363636363636,0.8461538461538461,0.8260869565217391,22,4,3,19,0.9230769230769231,0.9165538295384552
4,4,catboost,default_repeated_cv,none,0.5,,{},0.7079361616697484,0.8548951048951049,0.8444444444444444,0.8636363636363636,0.8461538461538461,0.8260869565217391,22,4,3,19,0.9353146853146852,0.9403661661656666
4,5,lr_elasticnet,default_repeated_cv,none,0.5,,{},0.40991702578932737,0.7027972027972028,0.6666666666666666,0.6363636363636364,0.7692307692307693,0.7,20,6,8,14,0.8129370629370629,0.8044592793848355
4,5,gnb,default_repeated_cv,none,0.5,,{},0.47304991679126607,0.7237762237762237,0.7407407407407407,0.9090909090909091,0.5384615384615384,0.625,14,12,2,20,0.8146853146853146,0.7824107897918762
4,5,lda,default_repeated_cv,none,0.5,,{},0.4530333378893933,0.7255244755244755,0.6976744186046512,0.6818181818181818,0.7692307692307693,0.7142857142857143,20,6,7,15,0.8059440559440559,0.7954414488292105
4,5,rf,default_repeated_cv,none,0.5,,{},0.4965034965034965,0.7482517482517483,0.7272727272727273,0.7272727272727273,0.7692307692307693,0.7272727272727273,20,6,6,16,0.805944055944056,0.816472022646497
4,5,lightgbm,default_repeated_cv,none,0.5,,{},0.4139186771923578,0.6958041958041958,0.631578947368421,0.5454545454545454,0.8461538461538461,0.75,22,4,10,12,0.7972027972027972,0.8199522429885084
4,5,xgboost,default_repeated_cv,none,0.5,,{},0.5373186100548619,0.7674825174825175,0.7441860465116279,0.7272727272727273,0.8076923076923077,0.7619047619047619,21,5,6,16,0.8024475524475524,0.8149275054921294
4,5,catboost,default_repeated_cv,none,0.5,,{},0.40991702578932737,0.7027972027972028,0.6666666666666666,0.6363636363636364,0.7692307692307693,0.7,20,6,8,14,0.8024475524475524,0.8246433434479388
5,1,lr_elasticnet,default_repeated_cv,none,0.5,,{},0.5943488886335515,0.790133779264214,0.7619047619047619,0.6956521739130435,0.8846153846153846,0.8421052631578947,23,3,7,16,0.8411371237458193,0.8697670372158863
5,1,gnb,default_repeated_cv,none,0.5,,{},0.46221450469963704,0.7232441471571907,0.7407407407407407,0.8695652173913043,0.5769230769230769,0.6451612903225806,15,11,3,20,0.8210702341137123,0.7822310777459933
5,1,lda,default_repeated_cv,none,0.5,,{},0.5943488886335515,0.790133779264214,0.7619047619047619,0.6956521739130435,0.8846153846153846,0.8421052631578947,23,3,7,16,0.8344481605351171,0.8617958503653989
5,1,rf,default_repeated_cv,none,0.5,,{},0.6031264860167888,0.7876254180602007,0.75,0.6521739130434783,0.9230769230769231,0.8823529411764706,24,2,8,15,0.8595317725752508,0.8678479360506419
5,1,lightgbm,default_repeated_cv,none,0.5,,{},0.5556960899197884,0.7683946488294314,0.7317073170731707,0.6521739130434783,0.8846153846153846,0.8333333333333334,23,3,8,15,0.8260869565217391,0.8480881522879832
5,1,xgboost,default_repeated_cv,none,0.5,,{},0.5501491185025111,0.7709030100334449,0.7441860465116279,0.6956521739130435,0.8461538461538461,0.8,22,4,7,16,0.8394648829431438,0.8615031195888981
5,1,catboost,default_repeated_cv,none,0.5,,{},0.5501491185025111,0.7709030100334449,0.7441860465116279,0.6956521739130435,0.8461538461538461,0.8,22,4,7,16,0.8494983277591972,0.8803850634265369
5,2,lr_elasticnet,default_repeated_cv,none,0.5,,{},0.6845676127738614,0.8434343434343434,0.8333333333333334,0.9090909090909091,0.7777777777777778,0.7692307692307693,21,6,2,20,0.9074074074074074,0.8688182667950225
5,2,gnb,default_repeated_cv,none,0.5,,{},0.4570851951152457,0.6851851851851851,0.7213114754098361,1.0,0.37037037037037035,0.5641025641025641,10,17,0,22,0.936026936026936,0.8996940527027777
5,2,lda,default_repeated_cv,none,0.5,,{},0.7202771009357686,0.8619528619528619,0.851063829787234,0.9090909090909091,0.8148148148148148,0.8,22,5,2,20,0.9343434343434344,0.8968876792343489
5,2,rf,default_repeated_cv,none,0.5,,{},0.7202771009357686,0.8619528619528619,0.851063829787234,0.9090909090909091,0.8148148148148148,0.8,22,5,2,20,0.9318181818181818,0.922852974378094
5,2,lightgbm,default_repeated_cv,none,0.5,,{},0.6381990126895997,0.8207070707070707,0.8085106382978723,0.8636363636363636,0.7777777777777778,0.76,21,6,3,19,0.8956228956228957,0.8917733123037505
5,2,xgboost,default_repeated_cv,none,0.5,,{},0.6381990126895997,0.8207070707070707,0.8085106382978723,0.8636363636363636,0.7777777777777778,0.76,21,6,3,19,0.9006734006734006,0.8958044137882211
5,2,catboost,default_repeated_cv,none,0.5,,{},0.6381990126895997,0.8207070707070707,0.8085106382978723,0.8636363636363636,0.7777777777777778,0.76,21,6,3,19,0.9057239057239057,0.8883930092486242
5,3,lr_elasticnet,default_repeated_cv,none,0.5,,{},0.6783216783216783,0.8391608391608392,0.8333333333333334,0.9090909090909091,0.7692307692307693,0.7692307692307693,20,6,2,20,0.923076923076923,0.9159311286806118
5,3,gnb,default_repeated_cv,none,0.5,,{},0.4982781659214778,0.7272727272727273,0.75,0.9545454545454546,0.5,0.6176470588235294,13,13,1,21,0.8391608391608392,0.7486676992398396
5,3,lda,default_repeated_cv,none,0.5,,{},0.6426752002616976,0.8199300699300699,0.8163265306122449,0.9090909090909091,0.7307692307692307,0.7407407407407407,19,7,2,20,0.9090909090909091,0.8775006449375224
5,3,rf,default_repeated_cv,none,0.5,,{},0.5475171299613324,0.7744755244755245,0.7659574468085106,0.8181818181818182,0.7307692307692307,0.72,19,7,4,18,0.8793706293706293,0.8746504444378752
5,3,lightgbm,default_repeated_cv,none,0.5,,{},0.5104895104895105,0.7552447552447552,0.75,0.8181818181818182,0.6923076923076923,0.6923076923076923,18,8,4,18,0.8618881118881119,0.8153529047596872
5,3,xgboost,default_repeated_cv,none,0.5,,{},0.5229975846277625,0.7587412587412588,0.76,0.8636363636363636,0.6538461538461539,0.6785714285714286,17,9,3,19,0.8321678321678322,0.7985756652124021
5,3,catboost,default_repeated_cv,none,0.5,,{},0.5853694070049635,0.7937062937062938,0.782608695652174,0.8181818181818182,0.7692307692307693,0.75,20,6,4,18,0.8653846153846154,0.8159762122816696
5,4,lr_elasticnet,default_repeated_cv,none,0.5,,{},0.5136098017959848,0.7342657342657343,0.6666666666666666,0.5454545454545454,0.9230769230769231,0.8571428571428571,24,2,10,12,0.8146853146853147,0.826695044108338
5,4,gnb,default_repeated_cv,none,0.5,,{},0.3170634555266583,0.6555944055944056,0.6666666666666666,0.7727272727272727,0.5384615384615384,0.5862068965517241,14,12,5,17,0.743006993006993,0.8030361643306245
5,4,lda,default_repeated_cv,none,0.5,,{},0.5136098017959848,0.7342657342657343,0.6666666666666666,0.5454545454545454,0.9230769230769231,0.8571428571428571,24,2,10,12,0.7814685314685315,0.8068955693553878
5,4,rf,default_repeated_cv,none,0.5,,{},0.4139186771923578,0.6958041958041958,0.631578947368421,0.5454545454545454,0.8461538461538461,0.75,22,4,10,12,0.7972027972027972,0.8134415912347781
5,4,lightgbm,default_repeated_cv,none,0.5,,{},0.5026155365907202,0.7377622377622377,0.6842105263157895,0.5909090909090909,0.8846153846153846,0.8125,23,3,9,13,0.8006993006993007,0.8084155627202461
5,4,xgboost,default_repeated_cv,none,0.5,,{},0.5026155365907202,0.7377622377622377,0.6842105263157895,0.5909090909090909,0.8846153846153846,0.8125,23,3,9,13,0.8041958041958042,0.8178342011844439
5,4,catboost,default_repeated_cv,none,0.5,,{},0.4139186771923578,0.6958041958041958,0.631578947368421,0.5454545454545454,0.8461538461538461,0.75,22,4,10,12,0.8146853146853147,0.8267350400773338
5,5,lr_elasticnet,default_repeated_cv,none,0.5,,{},0.708939636514663,0.8479020979020979,0.8292682926829268,0.7727272727272727,0.9230769230769231,0.8947368421052632,24,2,5,17,0.9388111888111889,0.9371542912093611
5,5,gnb,default_repeated_cv,none,0.5,,{},0.6643356643356644,0.8321678321678322,0.8181818181818182,0.8181818181818182,0.8461538461538461,0.8181818181818182,22,4,4,18,0.8951048951048951,0.9113159157865792
5,5,lda,default_repeated_cv,none,0.5,,{},0.708939636514663,0.8479020979020979,0.8292682926829268,0.7727272727272727,0.9230769230769231,0.8947368421052632,24,2,5,17,0.9353146853146853,0.9365404611728142
5,5,rf,default_repeated_cv,none,0.5,,{},0.5829752480681661,0.7832167832167831,0.75,0.6818181818181818,0.8846153846153846,0.8333333333333334,23,3,7,15,0.9134615384615384,0.9014036819444342
5,5,lightgbm,default_repeated_cv,none,0.5,,{},0.6234393788445528,0.8059440559440559,0.7804878048780488,0.7272727272727273,0.8846153846153846,0.8421052631578947,23,3,6,16,0.9003496503496504,0.8864336499908552
5,5,xgboost,default_repeated_cv,none,0.5,,{},0.6216038822203304,0.8094405594405594,0.7906976744186046,0.7727272727272727,0.8461538461538461,0.8095238095238095,22,4,5,17,0.93006993006993,0.9179232285639609
5,5,catboost,default_repeated_cv,none,0.5,,{},0.6234393788445528,0.8059440559440559,0.7804878048780488,0.7272727272727273,0.8846153846153846,0.8421052631578947,23,3,6,16,0.9405594405594406,0.9292285625841776
6,1,lr_elasticnet,default_repeated_cv,none,0.5,,{},0.755507463439817,0.8745819397993311,0.8636363636363636,0.8260869565217391,0.9230769230769231,0.9047619047619048,24,2,4,19,0.9280936454849498,0.9435423726854503
6,1,gnb,default_repeated_cv,none,0.5,,{},0.472570372291337,0.7090301003344481,0.7457627118644068,0.9565217391304348,0.46153846153846156,0.6111111111111112,12,14,1,22,0.8913043478260869,0.9111112495063901
6,1,lda,default_repeated_cv,none,0.5,,{},0.755507463439817,0.8745819397993311,0.8636363636363636,0.8260869565217391,0.9230769230769231,0.9047619047619048,24,2,4,19,0.9247491638795987,0.9409463120854995
6,1,rf,default_repeated_cv,none,0.5,,{},0.755507463439817,0.8745819397993311,0.8636363636363636,0.8260869565217391,0.9230769230769231,0.9047619047619048,24,2,4,19,0.9372909698996655,0.9462215320910972
6,1,lightgbm,default_repeated_cv,none,0.5,,{},0.6327220837212335,0.8168896321070234,0.8085106382978723,0.8260869565217391,0.8076923076923077,0.7916666666666666,21,5,4,19,0.9147157190635451,0.9146792297303923
6,1,xgboost,default_repeated_cv,none,0.5,,{},0.6327220837212335,0.8168896321070234,0.8085106382978723,0.8260869565217391,0.8076923076923077,0.7916666666666666,21,5,4,19,0.9147157190635451,0.9307570777225443
6,1,catboost,default_repeated_cv,none,0.5,,{},0.754180602006689,0.8770903010033444,0.8695652173913043,0.8695652173913043,0.8846153846153846,0.8695652173913043,23,3,3,20,0.9364548494983278,0.9486273834167225
6,2,lr_elasticnet,default_repeated_cv,none,0.5,,{},0.5561209244434306,0.7794612794612794,0.7659574468085106,0.8181818181818182,0.7407407407407407,0.72,20,7,4,18,0.8737373737373737,0.8708102038805325
6,2,gnb,default_repeated_cv,none,0.5,,{},0.6845676127738614,0.8434343434343434,0.8333333333333334,0.9090909090909091,0.7777777777777778,0.7692307692307693,21,6,2,20,0.8484848484848485,0.7583562260790015
6,2,lda,default_repeated_cv,none,0.5,,{},0.5561209244434306,0.7794612794612794,0.7659574468085106,0.8181818181818182,0.7407407407407407,0.72,20,7,4,18,0.8754208754208754,0.8614982295246909
6,2,rf,default_repeated_cv,none,0.5,,{},0.43792192875974956,0.7196969696969697,0.7083333333333334,0.7727272727272727,0.6666666666666666,0.6538461538461539,18,9,5,17,0.8535353535353536,0.8209704897331891
6,2,lightgbm,default_repeated_cv,none,0.5,,{},0.40235690235690236,0.7011784511784511,0.6938775510204082,0.7727272727272727,0.6296296296296297,0.6296296296296297,17,10,5,17,0.8047138047138048,0.7670305381024627
6,2,xgboost,default_repeated_cv,none,0.5,,{},0.43792192875974956,0.7196969696969697,0.7083333333333334,0.7727272727272727,0.6666666666666666,0.6538461538461539,18,9,5,17,0.8131313131313131,0.7922466461050999
6,2,catboost,default_repeated_cv,none,0.5,,{},0.40235690235690236,0.7011784511784511,0.6938775510204082,0.7727272727272727,0.6296296296296297,0.6296296296296297,17,10,5,17,0.861952861952862,0.8466605915444196
6,3,lr_elasticnet,default_repeated_cv,none,0.5,,{},0.680009255387445,0.8216783216783217,0.7894736842105263,0.6818181818181818,0.9615384615384616,0.9375,25,1,7,15,0.916083916083916,0.9007783195136567
6,3,gnb,default_repeated_cv,none,0.5,,{},0.5063391100141865,0.7430069930069929,0.7547169811320755,0.9090909090909091,0.5769230769230769,0.6451612903225806,15,11,2,20,0.8898601398601399,0.8957079969829063
6,3,lda,default_repeated_cv,none,0.5,,{},0.6427254428713529,0.798951048951049,0.7567567567567568,0.6363636363636364,0.9615384615384616,0.9333333333333333,25,1,8,14,0.9265734265734266,0.9089211562741095
6,3,rf,default_repeated_cv,none,0.5,,{},0.680009255387445,0.8216783216783217,0.7894736842105263,0.6818181818181818,0.9615384615384616,0.9375,25,1,7,15,0.923951048951049,0.9204404186232923
6,3,lightgbm,default_repeated_cv,none,0.5,,{},0.5684526366035054,0.7534965034965035,0.6857142857142857,0.5454545454545454,0.9615384615384616,0.9230769230769231,25,1,10,12,0.8776223776223776,0.8806542286002181
6,3,xgboost,default_repeated_cv,none,0.5,,{},0.5136098017959848,0.7342657342657343,0.6666666666666666,0.5454545454545454,0.9230769230769231,0.8571428571428571,24,2,10,12,0.8933566433566433,0.892365484040699
6,3,catboost,default_repeated_cv,none,0.5,,{},0.680009255387445,0.8216783216783217,0.7894736842105263,0.6818181818181818,0.9615384615384616,0.9375,25,1,7,15,0.9178321678321679,0.9095728178843696
6,4,lr_elasticnet,default_repeated_cv,none,0.5,,{},0.8420753583206844,0.9090909090909092,0.9,0.8181818181818182,1.0,1.0,26,0,4,18,0.9335664335664335,0.9457520608382678
6,4,gnb,default_repeated_cv,none,0.5,,{},0.43975951354355725,0.7045454545454546,0.7272727272727273,0.9090909090909091,0.5,0.6060606060606061,13,13,2,20,0.9055944055944055,0.9291357916098635
6,4,lda,default_repeated_cv,none,0.5,,{},0.7058891543857989,0.8513986013986015,0.8372093023255814,0.8181818181818182,0.8846153846153846,0.8571428571428571,23,3,4,18,0.9300699300699301,0.9422503237772637
6,4,rf,default_repeated_cv,none,0.5,,{},0.4965034965034965,0.7482517482517483,0.7272727272727273,0.7272727272727273,0.7692307692307693,0.7272727272727273,20,6,6,16,0.8601398601398601,0.8728645725438126
6,4,lightgbm,default_repeated_cv,none,0.5,,{},0.5373186100548619,0.7674825174825175,0.7441860465116279,0.7272727272727273,0.8076923076923077,0.7619047619047619,21,5,6,16,0.8479020979020979,0.8558695695518557
6,4,xgboost,default_repeated_cv,none,0.5,,{},0.5405423894522708,0.770979020979021,0.7555555555555555,0.7727272727272727,0.7692307692307693,0.7391304347826086,20,6,5,17,0.8426573426573427,0.8463046764507745
6,4,catboost,default_repeated_cv,none,0.5,,{},0.57953786404698,0.7867132867132867,0.7619047619047619,0.7272727272727273,0.8461538461538461,0.8,22,4,6,16,0.8706293706293706,0.8880137629972626
6,5,lr_elasticnet,default_repeated_cv,none,0.5,,{},0.5229975846277625,0.7587412587412588,0.76,0.8636363636363636,0.6538461538461539,0.6785714285714286,17,9,3,19,0.8636363636363638,0.8612826169638771
6,5,gnb,default_repeated_cv,none,0.5,,{},0.43975951354355725,0.7045454545454546,0.7272727272727273,0.9090909090909091,0.5,0.6060606060606061,13,13,2,20,0.8496503496503497,0.8413200928146962
6,5,lda,default_repeated_cv,none,0.5,,{},0.46382024385259374,0.7325174825174825,0.723404255319149,0.7727272727272727,0.6923076923076923,0.68,18,8,5,17,0.8479020979020978,0.852618181924402
6,5,rf,default_repeated_cv,none,0.5,,{},0.46382024385259374,0.7325174825174825,0.723404255319149,0.7727272727272727,0.6923076923076923,0.68,18,8,5,17,0.8208041958041957,0.8344324133785269
6,5,lightgbm,default_repeated_cv,none,0.5,,{},0.558389928096229,0.7779720279720279,0.7755102040816326,0.8636363636363636,0.6923076923076923,0.7037037037037037,18,8,3,19,0.8304195804195804,0.8414071399431478
6,5,xgboost,default_repeated_cv,none,0.5,,{},0.5104895104895105,0.7552447552447552,0.75,0.8181818181818182,0.6923076923076923,0.6923076923076923,18,8,4,18,0.8164335664335665,0.8355881306124358
6,5,catboost,default_repeated_cv,none,0.5,,{},0.46382024385259374,0.7325174825174825,0.723404255319149,0.7727272727272727,0.6923076923076923,0.68,18,8,5,17,0.8479020979020979,0.8672365215678474
7,1,lr_elasticnet,default_repeated_cv,none,0.5,,{},0.6405219728047404,0.8093645484949833,0.7804878048780488,0.6956521739130435,0.9230769230769231,0.8888888888888888,24,2,7,16,0.8478260869565217,0.8269062446268328
7,1,gnb,default_repeated_cv,none,0.5,,{},0.3288616329038671,0.6605351170568562,0.6792452830188679,0.782608695652174,0.5384615384615384,0.6,14,12,5,18,0.7441471571906355,0.7657064820173454
7,1,lda,default_repeated_cv,none,0.5,,{},0.5659258954891203,0.7658862876254181,0.717948717948718,0.6086956521739131,0.9230769230769231,0.875,24,2,9,14,0.8411371237458194,0.8175664559935659
7,1,rf,default_repeated_cv,none,0.5,,{},0.5172160272527695,0.7466555183946488,0.7,0.6086956521739131,0.8846153846153846,0.8235294117647058,23,3,9,14,0.846989966555184,0.8281217549213518
7,1,lightgbm,default_repeated_cv,none,0.5,,{},0.3860443241498841,0.6864548494983278,0.6341463414634146,0.5652173913043478,0.8076923076923077,0.7222222222222222,21,5,10,13,0.7842809364548494,0.7698058725014681
7,1,xgboost,default_repeated_cv,none,0.5,,{},0.2251209496777006,0.5969899665551839,0.45714285714285713,0.34782608695652173,0.8461538461538461,0.6666666666666666,22,4,15,8,0.7642140468227424,0.763712227722479
7,1,catboost,default_repeated_cv,none,0.5,,{},0.5104206594028771,0.7491638795986622,0.7142857142857143,0.6521739130434783,0.8461538461538461,0.7894736842105263,22,4,8,15,0.765886287625418,0.7601931530028874
7,2,lr_elasticnet,default_repeated_cv,none,0.5,,{},0.959403223600247,0.9772727272727273,0.9767441860465116,0.9545454545454546,1.0,1.0,27,0,1,21,1.0,1.0
7,2,gnb,default_repeated_cv,none,0.5,,{},0.5995641118204178,0.7777777777777778,0.7857142857142857,1.0,0.5555555555555556,0.6470588235294118,15,12,0,22,0.9932659932659933,0.993006993006993
7,2,lda,default_repeated_cv,none,0.5,,{},0.9199972740861891,0.9545454545454546,0.9523809523809523,0.9090909090909091,1.0,1.0,27,0,2,20,0.9983164983164984,0.9980237154150198
7,2,rf,default_repeated_cv,none,0.5,,{},0.8365160399561461,0.9132996632996633,0.9047619047619048,0.8636363636363636,0.9629629629629629,0.95,26,1,3,19,0.9781144781144782,0.9774175412293853
7,2,lightgbm,default_repeated_cv,none,0.5,,{},0.9199972740861891,0.9545454545454546,0.9523809523809523,0.9090909090909091,1.0,1.0,27,0,2,20,0.9949494949494949,0.9945454545454545
7,2,xgboost,default_repeated_cv,none,0.5,,{},0.7953064913108095,0.898989898989899,0.8888888888888888,0.9090909090909091,0.8888888888888888,0.8695652173913043,24,3,2,20,0.9713804713804715,0.9673274373545271
7,2,catboost,default_repeated_cv,none,0.5,,{},0.959403223600247,0.9772727272727273,0.9767441860465116,0.9545454545454546,1.0,1.0,27,0,1,21,0.9949494949494949,0.9945454545454545
7,3,lr_elasticnet,default_repeated_cv,none,0.5,,{},0.7491587023046328,0.8706293706293706,0.8571428571428571,0.8181818181818182,0.9230769230769231,0.9,24,2,4,18,0.9458041958041958,0.9444295417891675
7,3,gnb,default_repeated_cv,none,0.5,,{},0.7482517482517482,0.8741258741258742,0.8636363636363636,0.8636363636363636,0.8846153846153846,0.8636363636363636,23,3,3,19,0.8968531468531468,0.90039179555309
7,3,lda,default_repeated_cv,none,0.5,,{},0.7058891543857989,0.8513986013986015,0.8372093023255814,0.8181818181818182,0.8846153846153846,0.8571428571428571,23,3,4,18,0.9370629370629371,0.942456816302556
7,3,rf,default_repeated_cv,none,0.5,,{},0.6643482831758064,0.8286713286713286,0.8095238095238095,0.7727272727272727,0.8846153846153846,0.85,23,3,5,17,0.9143356643356644,0.9177935866183171
7,3,lightgbm,default_repeated_cv,none,0.5,,{},0.7526178090063816,0.8776223776223776,0.8695652173913043,0.9090909090909091,0.8461538461538461,0.8333333333333334,22,4,2,20,0.9108391608391608,0.9097957365175364
7,3,xgboost,default_repeated_cv,none,0.5,,{},0.6643482831758064,0.8286713286713286,0.8095238095238095,0.7727272727272727,0.8846153846153846,0.85,23,3,5,17,0.8951048951048951,0.9030300429924232
7,3,catboost,default_repeated_cv,none,0.5,,{},0.7491587023046328,0.8706293706293706,0.8571428571428571,0.8181818181818182,0.9230769230769231,0.9,24,2,4,18,0.9178321678321678,0.9098200931660616
7,4,lr_elasticnet,default_repeated_cv,none,0.5,,{},0.6643482831758064,0.8286713286713286,0.8095238095238095,0.7727272727272727,0.8846153846153846,0.85,23,3,5,17,0.9370629370629371,0.9383050419000047
7,4,gnb,default_repeated_cv,none,0.5,,{},0.5937645678583625,0.784965034965035,0.7924528301886793,0.9545454545454546,0.6153846153846154,0.6774193548387096,16,10,1,21,0.9178321678321679,0.8987903089638152
7,4,lda,default_repeated_cv,none,0.5,,{},0.6643482831758064,0.8286713286713286,0.8095238095238095,0.7727272727272727,0.8846153846153846,0.85,23,3,5,17,0.9388111888111887,0.9376123009879815
7,4,rf,default_repeated_cv,none,0.5,,{},0.5405423894522708,0.770979020979021,0.7555555555555555,0.7727272727272727,0.7692307692307693,0.7391304347826086,20,6,5,17,0.8933566433566433,0.9066785438108967
7,4,lightgbm,default_repeated_cv,none,0.5,,{},0.6643356643356644,0.8321678321678322,0.8181818181818182,0.8181818181818182,0.8461538461538461,0.8181818181818182,22,4,4,18,0.8741258741258741,0.8925514149504781
7,4,xgboost,default_repeated_cv,none,0.5,,{},0.5104895104895105,0.7552447552447552,0.75,0.8181818181818182,0.6923076923076923,0.6923076923076923,18,8,4,18,0.8496503496503497,0.8618404293613493
7,4,catboost,default_repeated_cv,none,0.5,,{},0.6242392755610096,0.8129370629370629,0.8,0.8181818181818182,0.8076923076923077,0.782608695652174,21,5,4,18,0.8968531468531469,0.9146089113078618
7,5,lr_elasticnet,default_repeated_cv,none,0.5,,{},0.3344968040028363,0.6678321678321678,0.6521739130434783,0.6818181818181818,0.6538461538461539,0.625,17,9,7,15,0.7937062937062938,0.7862696054689684
7,5,gnb,default_repeated_cv,none,0.5,,{},0.25934535414107224,0.6206293706293706,0.6545454545454545,0.8181818181818182,0.4230769230769231,0.5454545454545454,11,15,4,18,0.7482517482517483,0.7912725162194033
7,5,lda,default_repeated_cv,none,0.5,,{},0.3687480657239248,0.6835664335664335,0.6511627906976745,0.6363636363636364,0.7307692307692307,0.6666666666666666,19,7,8,14,0.784965034965035,0.7842534208965702
7,5,rf,default_repeated_cv,none,0.5,,{},0.3344968040028363,0.6678321678321678,0.6521739130434783,0.6818181818181818,0.6538461538461539,0.625,17,9,7,15,0.7832167832167832,0.7531068966980392
7,5,lightgbm,default_repeated_cv,none,0.5,,{},0.42657342657342656,0.7132867132867133,0.7083333333333334,0.7727272727272727,0.6538461538461539,0.6538461538461539,17,9,5,17,0.8111888111888111,0.755131860357811
7,5,xgboost,default_repeated_cv,none,0.5,,{},0.42657342657342656,0.7132867132867133,0.7083333333333334,0.7727272727272727,0.6538461538461539,0.6538461538461539,17,9,5,17,0.8111888111888111,0.7903213840995293
7,5,catboost,default_repeated_cv,none,0.5,,{},0.34265734265734266,0.6713286713286714,0.6666666666666666,0.7272727272727273,0.6153846153846154,0.6153846153846154,16,10,6,16,0.7832167832167832,0.7750216750814838
8,1,lr_elasticnet,default_repeated_cv,none,0.5,,{},0.7165522469384559,0.8528428093645486,0.8372093023255814,0.782608695652174,0.9230769230769231,0.9,24,2,5,18,0.9163879598662207,0.9255894383971457
8,1,gnb,default_repeated_cv,none,0.5,,{},0.4805031188115172,0.725752508361204,0.75,0.9130434782608695,0.5384615384615384,0.6363636363636364,14,12,2,21,0.8946488294314381,0.911079962257777
8,1,lda,default_repeated_cv,none,0.5,,{},0.7165522469384559,0.8528428093645486,0.8372093023255814,0.782608695652174,0.9230769230769231,0.9,24,2,5,18,0.919732441471572,0.9296173093465708
8,1,rf,default_repeated_cv,none,0.5,,{},0.6405219728047404,0.8093645484949833,0.7804878048780488,0.6956521739130435,0.9230769230769231,0.8888888888888888,24,2,7,16,0.8704013377926422,0.885590970748392
8,1,lightgbm,default_repeated_cv,none,0.5,,{},0.6333506827204834,0.8118729096989966,0.7906976744186046,0.7391304347826086,0.8846153846153846,0.85,23,3,6,17,0.8946488294314381,0.8853655900878208
8,1,xgboost,default_repeated_cv,none,0.5,,{},0.590240205812357,0.7926421404682273,0.7727272727272727,0.7391304347826086,0.8461538461538461,0.8095238095238095,22,4,6,17,0.8896321070234113,0.893051221309594
8,1,catboost,default_repeated_cv,none,0.5,,{},0.6405219728047404,0.8093645484949833,0.7804878048780488,0.6956521739130435,0.9230769230769231,0.8888888888888888,24,2,7,16,0.8896321070234113,0.9055745714026621
8,2,lr_elasticnet,default_repeated_cv,none,0.5,,{},0.5025911034359737,0.7483164983164983,0.7142857142857143,0.6818181818181818,0.8148148148148148,0.75,22,5,7,15,0.8821548821548821,0.8579561239772376
8,2,gnb,default_repeated_cv,none,0.5,,{},0.44950258848262165,0.6994949494949495,0.7241379310344828,0.9545454545454546,0.4444444444444444,0.5833333333333334,12,15,1,21,0.8501683501683502,0.7321184262054634
8,2,lda,default_repeated_cv,none,0.5,,{},0.5025911034359737,0.7483164983164983,0.7142857142857143,0.6818181818181818,0.8148148148148148,0.75,22,5,7,15,0.8939393939393939,0.8877588274577196
8,2,rf,default_repeated_cv,none,0.5,,{},0.5448462751310045,0.771043771043771,0.7441860465116279,0.7272727272727273,0.8148148148148148,0.7619047619047619,22,5,6,16,0.877946127946128,0.8439816692264183
8,2,lightgbm,default_repeated_cv,none,0.5,,{},0.38423035128728983,0.6927609427609427,0.6666666666666666,0.6818181818181818,0.7037037037037037,0.6521739130434783,19,8,7,15,0.8232323232323233,0.8028095079052016
8,2,xgboost,default_repeated_cv,none,0.5,,{},0.46644557929199376,0.734006734006734,0.7111111111111111,0.7272727272727273,0.7407407407407407,0.6956521739130435,20,7,6,16,0.82996632996633,0.7968612246304136
8,2,catboost,default_repeated_cv,none,0.5,,{},0.5448462751310045,0.771043771043771,0.7441860465116279,0.7272727272727273,0.8148148148148148,0.7619047619047619,22,5,6,16,0.8737373737373737,0.8480215646756528
8,3,lr_elasticnet,default_repeated_cv,none,0.5,,{},0.7149109021788099,0.8583916083916083,0.851063829787234,0.9090909090909091,0.8076923076923077,0.8,21,5,2,20,0.8898601398601398,0.8442112896966474
8,3,gnb,default_repeated_cv,none,0.5,,{},0.4665231983159803,0.7080419580419581,0.7368421052631579,0.9545454545454546,0.46153846153846156,0.6,12,14,1,21,0.8741258741258742,0.8477646119037833
8,3,lda,default_repeated_cv,none,0.5,,{},0.6689936080056726,0.8356643356643356,0.8260869565217391,0.8636363636363636,0.8076923076923077,0.7916666666666666,21,5,3,19,0.8898601398601399,0.8431126797648048
8,3,rf,default_repeated_cv,none,0.5,,{},0.6242392755610096,0.8129370629370629,0.8,0.8181818181818182,0.8076923076923077,0.782608695652174,21,5,4,18,0.875,0.8554415457947381
8,3,lightgbm,default_repeated_cv,none,0.5,,{},0.5405423894522708,0.770979020979021,0.7555555555555555,0.7727272727272727,0.7692307692307693,0.7391304347826086,20,6,5,17,0.8164335664335665,0.8136321353090835
8,3,xgboost,default_repeated_cv,none,0.5,,{},0.5104895104895105,0.7552447552447552,0.75,0.8181818181818182,0.6923076923076923,0.6923076923076923,18,8,4,18,0.8548951048951048,0.85947174533213
8,3,catboost,default_repeated_cv,none,0.5,,{},0.6312140160700712,0.8164335664335665,0.8085106382978723,0.8636363636363636,0.7692307692307693,0.76,20,6,3,19,0.8601398601398601,0.8558610891130902
8,4,lr_elasticnet,default_repeated_cv,none,0.5,,{},0.7058891543857989,0.8513986013986015,0.8372093023255814,0.8181818181818182,0.8846153846153846,0.8571428571428571,23,3,4,18,0.8776223776223776,0.8813318528845842
8,4,gnb,default_repeated_cv,none,0.5,,{},0.6216038822203304,0.8094405594405594,0.7906976744186046,0.7727272727272727,0.8461538461538461,0.8095238095238095,22,4,5,17,0.8618881118881119,0.8554321755556664
8,4,lda,default_repeated_cv,none,0.5,,{},0.6216038822203304,0.8094405594405594,0.7906976744186046,0.7727272727272727,0.8461538461538461,0.8095238095238095,22,4,5,17,0.8636363636363636,0.8672358845168046
8,4,rf,default_repeated_cv,none,0.5,,{},0.4947274449181537,0.7447552447552448,0.7142857142857143,0.6818181818181818,0.8076923076923077,0.75,21,5,7,15,0.8627622377622377,0.8536314919743858
8,4,lightgbm,default_repeated_cv,none,0.5,,{},0.47410465593076045,0.736013986013986,0.7346938775510204,0.8181818181818182,0.6538461538461539,0.6666666666666666,17,9,4,18,0.8426573426573427,0.863864770769415
8,4,xgboost,default_repeated_cv,none,0.5,,{},0.4530333378893933,0.7255244755244755,0.6976744186046512,0.6818181818181818,0.7692307692307693,0.7142857142857143,20,6,7,15,0.8146853146853146,0.8244009130607338
8,4,catboost,default_repeated_cv,none,0.5,,{},0.4947274449181537,0.7447552447552448,0.7142857142857143,0.6818181818181818,0.8076923076923077,0.75,21,5,7,15,0.854895104895105,0.8665189088602099
8,5,lr_elasticnet,default_repeated_cv,none,0.5,,{},0.7176172998042787,0.8444055944055944,0.8205128205128205,0.7272727272727273,0.9615384615384616,0.9411764705882353,25,1,6,16,0.9090909090909092,0.9204723142470179
8,5,gnb,default_repeated_cv,none,0.5,,{},0.4718814096542986,0.6923076923076923,0.7333333333333333,1.0,0.38461538461538464,0.5789473684210527,10,16,0,22,0.8793706293706294,0.8889784334637276
8,5,lda,default_repeated_cv,none,0.5,,{},0.6693419514856722,0.8251748251748252,0.8,0.7272727272727273,0.9230769230769231,0.8888888888888888,24,2,6,16,0.8968531468531469,0.9126000862176893
8,5,rf,default_repeated_cv,none,0.5,,{},0.57953786404698,0.7867132867132867,0.7619047619047619,0.7272727272727273,0.8461538461538461,0.8,22,4,6,16,0.909965034965035,0.9106185349508504
8,5,lightgbm,default_repeated_cv,none,0.5,,{},0.7557086549031783,0.8671328671328671,0.85,0.7727272727272727,0.9615384615384616,0.9444444444444444,25,1,5,17,0.9230769230769231,0.9265562587992577
8,5,xgboost,default_repeated_cv,none,0.5,,{},0.708939636514663,0.8479020979020979,0.8292682926829268,0.7727272727272727,0.9230769230769231,0.8947368421052632,24,2,5,17,0.9178321678321678,0.9157596656400484
8,5,catboost,default_repeated_cv,none,0.5,,{},0.57953786404698,0.7867132867132867,0.7619047619047619,0.7272727272727273,0.8461538461538461,0.8,22,4,6,16,0.8863636363636365,0.9087573864030577
9,1,lr_elasticnet,default_repeated_cv,none,0.5,,{},0.754180602006689,0.8770903010033444,0.8695652173913043,0.8695652173913043,0.8846153846153846,0.8695652173913043,23,3,3,20,0.9548494983277592,0.9558620852358232
9,1,gnb,default_repeated_cv,none,0.5,,{},0.47626091335914644,0.6923076923076923,0.7419354838709677,1.0,0.38461538461538464,0.5897435897435898,10,16,0,23,0.9565217391304347,0.954193829516015
9,1,lda,default_repeated_cv,none,0.5,,{},0.8381410922535469,0.9155518394648829,0.9090909090909091,0.8695652173913043,0.9615384615384616,0.9523809523809523,25,1,3,20,0.9498327759197325,0.9505203116781578
9,1,rf,default_repeated_cv,none,0.5,,{},0.9180602006688964,0.9590301003344481,0.9565217391304348,0.9565217391304348,0.9615384615384616,0.9565217391304348,25,1,1,22,0.9690635451505016,0.9637638490709519
9,1,lightgbm,default_repeated_cv,none,0.5,,{},0.754180602006689,0.8770903010033444,0.8695652173913043,0.8695652173913043,0.8846153846153846,0.8695652173913043,23,3,3,20,0.9414715719063544,0.9371175681048645
9,1,xgboost,default_repeated_cv,none,0.5,,{},0.7963283217283071,0.8988294314381271,0.8936170212765957,0.9130434782608695,0.8846153846153846,0.875,23,3,2,21,0.9581939799331103,0.950799115832524
9,1,catboost,default_repeated_cv,none,0.5,,{},0.8361204013377926,0.9180602006688963,0.9130434782608695,0.9130434782608695,0.9230769230769231,0.9130434782608695,24,2,2,21,0.9581939799331104,0.9626666411765349
9,2,lr_elasticnet,default_repeated_cv,none,0.5,,{},0.7132100370256794,0.8493265993265993,0.8292682926829268,0.7727272727272727,0.9259259259259259,0.8947368421052632,25,2,5,17,0.8855218855218855,0.8509486897766213
9,2,gnb,default_repeated_cv,none,0.5,,{},0.36605275288697536,0.6725589225589226,0.6909090909090909,0.8636363636363636,0.48148148148148145,0.5757575757575758,13,14,3,19,0.8636363636363636,0.828795225045638
9,2,lda,default_repeated_cv,none,0.5,,{},0.6350596644266268,0.8038720538720538,0.7692307692307693,0.6818181818181818,0.9259259259259259,0.8823529411764706,25,2,7,15,0.8922558922558923,0.8570750084485201
9,2,rf,default_repeated_cv,none,0.5,,{},0.5875420875420876,0.7937710437710437,0.7727272727272727,0.7727272727272727,0.8148148148148148,0.7727272727272727,22,5,5,17,0.8796296296296297,0.87111227004448
9,2,lightgbm,default_repeated_cv,none,0.5,,{},0.5448462751310045,0.771043771043771,0.7441860465116279,0.7272727272727273,0.8148148148148148,0.7619047619047619,22,5,6,16,0.8484848484848485,0.842349592577236
9,2,xgboost,default_repeated_cv,none,0.5,,{},0.5486608072966978,0.7752525252525253,0.7555555555555555,0.7727272727272727,0.7777777777777778,0.7391304347826086,21,6,5,17,0.8501683501683502,0.8537307165789569
9,2,catboost,default_repeated_cv,none,0.5,,{},0.5875420875420876,0.7937710437710437,0.7727272727272727,0.7727272727272727,0.8148148148148148,0.7727272727272727,22,5,5,17,0.8535353535353535,0.8374376227461648
9,3,lr_elasticnet,default_repeated_cv,none,0.5,,{},0.5427663841159265,0.7604895104895104,0.717948717948718,0.6363636363636364,0.8846153846153846,0.8235294117647058,23,3,8,14,0.8531468531468531,0.8562668673943519
9,3,gnb,default_repeated_cv,none,0.5,,{},0.3533767463701098,0.6748251748251748,0.68,0.7727272727272727,0.5769230769230769,0.6071428571428571,15,11,5,17,0.7937062937062936,0.8240416059457556
9,3,lda,default_repeated_cv,none,0.5,,{},0.5913123959890826,0.7797202797202798,0.7368421052631579,0.6363636363636364,0.9230769230769231,0.875,24,2,8,14,0.8374125874125874,0.8573187382351604
9,3,rf,default_repeated_cv,none,0.5,,{},0.40991702578932737,0.7027972027972028,0.6666666666666666,0.6363636363636364,0.7692307692307693,0.7,20,6,8,14,0.8479020979020979,0.8437295584890624
9,3,lightgbm,default_repeated_cv,none,0.5,,{},0.36693860583422255,0.6800699300699301,0.6341463414634146,0.5909090909090909,0.7692307692307693,0.6842105263157895,20,6,9,13,0.8006993006993007,0.8195365247302597
9,3,xgboost,default_repeated_cv,none,0.5,,{},0.4530333378893933,0.7255244755244755,0.6976744186046512,0.6818181818181818,0.7692307692307693,0.7142857142857143,20,6,7,15,0.8181818181818182,0.8332402305244946
9,3,catboost,default_repeated_cv,none,0.5,,{},0.3687480657239248,0.6835664335664335,0.6511627906976745,0.6363636363636364,0.7307692307692307,0.6666666666666666,19,7,8,14,0.8496503496503496,0.8471560138984715
9,4,lr_elasticnet,default_repeated_cv,none,0.5,,{},0.7491587023046328,0.8706293706293706,0.8571428571428571,0.8181818181818182,0.9230769230769231,0.9,24,2,4,18,0.951048951048951,0.9275327202870828
9,4,gnb,default_repeated_cv,none,0.5,,{},0.5015568278463085,0.7115384615384616,0.7457627118644068,1.0,0.4230769230769231,0.5945945945945946,11,15,0,22,0.8898601398601399,0.8338625964795752
9,4,lda,default_repeated_cv,none,0.5,,{},0.7557086549031783,0.8671328671328671,0.85,0.7727272727272727,0.9615384615384616,0.9444444444444444,25,1,5,17,0.9527972027972027,0.944379844012197
9,4,rf,default_repeated_cv,none,0.5,,{},0.7491587023046328,0.8706293706293706,0.8571428571428571,0.8181818181818182,0.9230769230769231,0.9,24,2,4,18,0.9291958041958044,0.9326399766649076
9,4,lightgbm,default_repeated_cv,none,0.5,,{},0.7079361616697484,0.8548951048951049,0.8444444444444444,0.8636363636363636,0.8461538461538461,0.8260869565217391,22,4,3,19,0.8828671328671328,0.8795568498965964
9,4,xgboost,default_repeated_cv,none,0.5,,{},0.7526178090063816,0.8776223776223776,0.8695652173913043,0.9090909090909091,0.8461538461538461,0.8333333333333334,22,4,2,20,0.8811188811188811,0.8663048317256641
9,4,catboost,default_repeated_cv,none,0.5,,{},0.7491587023046328,0.8706293706293706,0.8571428571428571,0.8181818181818182,0.9230769230769231,0.9,24,2,4,18,0.9405594405594405,0.9371060833196989
9,5,lr_elasticnet,default_repeated_cv,none,0.5,,{},0.5853694070049635,0.7937062937062938,0.782608695652174,0.8181818181818182,0.7692307692307693,0.75,20,6,4,18,0.8548951048951048,0.8137299913927016
9,5,gnb,default_repeated_cv,none,0.5,,{},0.6242392755610096,0.8129370629370629,0.8,0.8181818181818182,0.8076923076923077,0.782608695652174,21,5,4,18,0.8513986013986014,0.7709545662601816
9,5,lda,default_repeated_cv,none,0.5,,{},0.5804195804195804,0.7902097902097902,0.7727272727272727,0.7727272727272727,0.8076923076923077,0.7727272727272727,21,5,5,17,0.8426573426573427,0.7762092910290579
9,5,rf,default_repeated_cv,none,0.5,,{},0.5373186100548619,0.7674825174825175,0.7441860465116279,0.7272727272727273,0.8076923076923077,0.7619047619047619,21,5,6,16,0.8295454545454546,0.7959254275799557
9,5,lightgbm,default_repeated_cv,none,0.5,,{},0.4530333378893933,0.7255244755244755,0.6976744186046512,0.6818181818181818,0.7692307692307693,0.7142857142857143,20,6,7,15,0.8076923076923077,0.7569106376101369
9,5,xgboost,default_repeated_cv,none,0.5,,{},0.4965034965034965,0.7482517482517483,0.7272727272727273,0.7272727272727273,0.7692307692307693,0.7272727272727273,20,6,6,16,0.7937062937062938,0.7510809865606869
9,5,catboost,default_repeated_cv,none,0.5,,{},0.45243886350433266,0.7220279720279721,0.6829268292682927,0.6363636363636364,0.8076923076923077,0.7368421052631579,21,5,8,14,0.8164335664335665,0.791341861936974
10,1,lr_elasticnet,default_repeated_cv,none,0.5,,{},0.590240205812357,0.7926421404682273,0.7727272727272727,0.7391304347826086,0.8461538461538461,0.8095238095238095,22,4,6,17,0.8879598662207357,0.8466299466872634
10,1,gnb,default_repeated_cv,none,0.5,,{},0.472570372291337,0.7090301003344481,0.7457627118644068,0.9565217391304348,0.46153846153846156,0.6111111111111112,12,14,1,22,0.8812709030100334,0.8553014999313874
10,1,lda,default_repeated_cv,none,0.5,,{},0.5104206594028771,0.7491638795986622,0.7142857142857143,0.6521739130434783,0.8461538461538461,0.7894736842105263,22,4,8,15,0.8628762541806021,0.8101795997493736
10,1,rf,default_repeated_cv,none,0.5,,{},0.5486608072966978,0.7734113712374582,0.7555555555555555,0.7391304347826086,0.8076923076923077,0.7727272727272727,21,5,6,17,0.8168896321070235,0.7655335489222956
10,1,lightgbm,default_repeated_cv,none,0.5,,{},0.5501491185025111,0.7709030100334449,0.7441860465116279,0.6956521739130435,0.8461538461538461,0.8,22,4,7,16,0.8043478260869565,0.775535623750409
10,1,xgboost,default_repeated_cv,none,0.5,,{},0.5083612040133779,0.754180602006689,0.7391304347826086,0.7391304347826086,0.7692307692307693,0.7391304347826086,20,6,6,17,0.8010033444816054,0.7590274517071819
10,1,catboost,default_repeated_cv,none,0.5,,{},0.5083612040133779,0.754180602006689,0.7391304347826086,0.7391304347826086,0.7692307692307693,0.7391304347826086,20,6,6,17,0.8160535117056856,0.7970834056345901
10,2,lr_elasticnet,default_repeated_cv,none,0.5,,{},0.7530348058261029,0.8720538720538721,0.8571428571428571,0.8181818181818182,0.9259259259259259,0.9,25,2,4,18,0.9579124579124578,0.9504995682539307
10,2,gnb,default_repeated_cv,none,0.5,,{},0.8365160399561461,0.9132996632996633,0.9047619047619048,0.8636363636363636,0.9629629629629629,0.95,26,1,3,19,0.9528619528619529,0.9484777039452972
10,2,lda,default_repeated_cv,none,0.5,,{},0.7974203787467837,0.8905723905723906,0.8780487804878049,0.8181818181818182,0.9629629629629629,0.9473684210526315,26,1,4,18,0.9612794612794613,0.9563931723441752
10,2,rf,default_repeated_cv,none,0.5,,{},0.8074581328859326,0.8863636363636364,0.8717948717948718,0.7727272727272727,1.0,1.0,27,0,5,17,0.9587542087542088,0.9551163229574021
10,2,lightgbm,default_repeated_cv,none,0.5,,{},0.5860723375660168,0.7895622895622896,0.7619047619047619,0.7272727272727273,0.8518518518518519,0.8,23,4,6,16,0.8686868686868687,0.868654384402378
10,2,xgboost,default_repeated_cv,none,0.5,,{},0.5875420875420876,0.7937710437710437,0.7727272727272727,0.7727272727272727,0.8148148148148148,0.7727272727272727,22,5,5,17,0.8922558922558922,0.878596241319642
10,2,catboost,default_repeated_cv,none,0.5,,{},0.7974203787467837,0.8905723905723906,0.8780487804878049,0.8181818181818182,0.9629629629629629,0.9473684210526315,26,1,4,18,0.9461279461279462,0.9492339955702025
10,3,lr_elasticnet,default_repeated_cv,none,0.5,,{},0.57953786404698,0.7867132867132867,0.7619047619047619,0.7272727272727273,0.8461538461538461,0.8,22,4,6,16,0.854895104895105,0.8848172139321657
10,3,gnb,default_repeated_cv,none,0.5,,{},0.22230872018035164,0.6013986013986015,0.6428571428571429,0.8181818181818182,0.38461538461538464,0.5294117647058824,10,16,4,18,0.7578671328671329,0.6911305525890233
10,3,lda,default_repeated_cv,none,0.5,,{},0.6693419514856722,0.8251748251748252,0.8,0.7272727272727273,0.9230769230769231,0.8888888888888888,24,2,6,16,0.8496503496503497,0.880082424383895
10,3,rf,default_repeated_cv,none,0.5,,{},0.5427663841159265,0.7604895104895104,0.717948717948718,0.6363636363636364,0.8846153846153846,0.8235294117647058,23,3,8,14,0.8557692307692308,0.8765358995271444
10,3,lightgbm,default_repeated_cv,none,0.5,,{},0.4965034965034965,0.7482517482517483,0.7272727272727273,0.7272727272727273,0.7692307692307693,0.7272727272727273,20,6,6,16,0.8496503496503496,0.8798016625022163
10,3,xgboost,default_repeated_cv,none,0.5,,{},0.5405423894522708,0.770979020979021,0.7555555555555555,0.7727272727272727,0.7692307692307693,0.7391304347826086,20,6,5,17,0.8321678321678322,0.8620990308852978
10,3,catboost,default_repeated_cv,none,0.5,,{},0.4947274449181537,0.7447552447552448,0.7142857142857143,0.6818181818181818,0.8076923076923077,0.75,21,5,7,15,0.8531468531468531,0.8786088905204197
10,4,lr_elasticnet,default_repeated_cv,none,0.5,,{},0.7176172998042787,0.8444055944055944,0.8205128205128205,0.7272727272727273,0.9615384615384616,0.9411764705882353,25,1,6,16,0.9073426573426574,0.9257449870478206
10,4,gnb,default_repeated_cv,none,0.5,,{},0.3843530573929037,0.6818181818181819,0.7037037037037037,0.8636363636363636,0.5,0.59375,13,13,3,19,0.8811188811188811,0.9038305276585578
10,4,lda,default_repeated_cv,none,0.5,,{},0.680009255387445,0.8216783216783217,0.7894736842105263,0.6818181818181818,0.9615384615384616,0.9375,25,1,7,15,0.8986013986013985,0.922395286172376
10,4,rf,default_repeated_cv,none,0.5,,{},0.6643482831758064,0.8286713286713286,0.8095238095238095,0.7727272727272727,0.8846153846153846,0.85,23,3,5,17,0.916083916083916,0.9248976522036303
10,4,lightgbm,default_repeated_cv,none,0.5,,{},0.7491587023046328,0.8706293706293706,0.8571428571428571,0.8181818181818182,0.9230769230769231,0.9,24,2,4,18,0.8636363636363636,0.8595752510498853
10,4,xgboost,default_repeated_cv,none,0.5,,{},0.6693419514856722,0.8251748251748252,0.8,0.7272727272727273,0.9230769230769231,0.8888888888888888,24,2,6,16,0.8898601398601399,0.8772182934415554
10,4,catboost,default_repeated_cv,none,0.5,,{},0.6234393788445528,0.8059440559440559,0.7804878048780488,0.7272727272727273,0.8846153846153846,0.8421052631578947,23,3,6,16,0.8968531468531469,0.9108281856082442
10,5,lr_elasticnet,default_repeated_cv,none,0.5,,{},0.5017452060042544,0.7517482517482517,0.7391304347826086,0.7727272727272727,0.7307692307692307,0.7083333333333334,19,7,5,17,0.8723776223776225,0.8890650500619132
10,5,gnb,default_repeated_cv,none,0.5,,{},0.5015568278463085,0.7115384615384616,0.7457627118644068,1.0,0.4230769230769231,0.5945945945945946,11,15,0,22,0.8304195804195804,0.7446007545932369
10,5,lda,default_repeated_cv,none,0.5,,{},0.5475171299613324,0.7744755244755245,0.7659574468085106,0.8181818181818182,0.7307692307692307,0.72,19,7,4,18,0.8653846153846153,0.8841609692119096
10,5,rf,default_repeated_cv,none,0.5,,{},0.6426752002616976,0.8199300699300699,0.8163265306122449,0.9090909090909091,0.7307692307692307,0.7407407407407407,19,7,2,20,0.8251748251748252,0.8358460101483357
10,5,lightgbm,default_repeated_cv,none,0.5,,{},0.6078080037565888,0.8006993006993006,0.8,0.9090909090909091,0.6923076923076923,0.7142857142857143,18,8,2,20,0.8321678321678321,0.8336283468772735
10,5,xgboost,default_repeated_cv,none,0.5,,{},0.6078080037565888,0.8006993006993006,0.8,0.9090909090909091,0.6923076923076923,0.7142857142857143,18,8,2,20,0.8356643356643356,0.8274225603397494
10,5,catboost,default_repeated_cv,none,0.5,,{},0.558389928096229,0.7779720279720279,0.7755102040816326,0.8636363636363636,0.6923076923076923,0.7037037037037037,18,8,3,19,0.8304195804195803,0.8434791420242053
